model,MAE,RMSE,R2
LinearRegression,30796.741608724387,37356.056401239766,0.9324765516553752
RandomForestRegressor,38272.4225,46304.00069681351,0.8962544206758105
BEST:LinearRegression,30796.741608724387,37356.056401239766,0.9324765516553752
